{"iqair":{"total":36063,"aqi_mean":10.139866345007349,"aqi_max":50.0,"pm25_mean":1.8243823309208889,"sensors":["Brasilia","Escola 115 Norte","Finatec","Unb Odisseia Gama"],"sensor_stats":[{"sensor_location":"Brasilia","records":9763,"aqi_mean":10.43,"aqi_max":46.0,"pm25_mean":1.91},{"sensor_location":"Escola 115 Norte","records":8750,"aqi_mean":9.41,"aqi_max":33.0,"pm25_mean":1.7},{"sensor_location":"Finatec","records":8608,"aqi_mean":7.75,"aqi_max":28.0,"pm25_mean":1.35},{"sensor_location":"Unb Odisseia Gama","records":8942,"aqi_mean":12.83,"aqi_max":50.0,"pm25_mean":2.31}],"hourly_by_sensor":{"Brasilia":[11.27,13.18,13.67,10.97,9.78,10.6,9.93,8.99,6.65,6.68,6.58,6.87,8.34,7.7,8.28,9.63,11.11,11.47,11.25,12.9,9.53,10.52,12.68,12.22],"Escola 115 Norte":[10.34,8.57,7.35,7.06,6.35,6.28,5.29,4.79,6.49,8.17,9.12,9.86,7.08,7.21,7.49,9.91,10.83,11.97,13.34,12.86,11.17,12.22,11.88,10.88],"Finatec":[11.99,13.2,10.81,10.94,8.93,10.87,11.23,10.22,7.22,5.98,4.49,6.53,6.97,5.71,5.59,5.47,5.01,5.24,5.5,6.06,5.91,6.64,8.68,10.1],"Unb Odisseia Gama":[12.39,13.64,15.42,12.85,11.39,14.14,13.53,12.09,6.11,5.99,5.82,5.63,7.65,9.29,12.21,13.78,15.78,16.28,17.08,15.83,12.99,12.61,15.44,12.66]}},"inmet":{"total":8280,"pm25_mean":11.551944586123188,"pm25_max":156.9006,"pm25_std":11.906469121762546,"monthly":{"labels":["Jan","Fev","Mar","Abr","Mai","Jun","Jul","Ago","Set","Out","Nov","Dez"],"mean":[5.099975206896552,7.129824253075571,9.495,6.068360793696274,4.200802336770692,5.838381003667137,17.771386466850828,18.297551216508793,22.254497103649634,18.818170608689655,12.120622347949082,9.440051434192673],"p75":[6.8175,10.03,13.155000000000001,6.9775,5.5175,6.4175,25.408367499999997,25.35371,31.75485,26.33274,16.33,12.5],"max":[86.75,68.31,77.81,39.37,24.99167,41.2225,106.2343,75.24667,110.704,156.9006,53.09,37.23]},"hourly_by_season":{"Chuva":[7.23,5.77,4.81,4.12,4.11,3.82,4.11,6.32,8.35,8.21,5.64,3.83,3.66,3.9,4.21,4.99,5.05,5.91,6.55,9.28,11.53,10.62,8.59,8.2],"Seca":[28.09,24.93,21.19,19.01,17.46,16.61,16.33,17.27,21.22,23.51,18.0,9.91,8.24,7.52,7.97,7.06,8.91,12.58,16.86,26.69,34.0,33.43,31.91,30.72],"Transição":[8.83,7.66,6.92,7.8,8.45,9.12,11.25,15.8,13.22,9.04,6.72,8.09,6.07,4.54,6.4,6.27,9.33,10.74,15.22,21.58,20.31,16.98,14.74,11.97]},"heatmap":{"x_months":["Jan","Fev","Mar","Abr","Mai","Jun","Jul","Ago","Set","Out","Nov","Dez"],"y_hours":[0,1,2,3,4,5,6,7,8,9,10,11,12,13,14,15,16,17,18,19,20,21,22,23],"z":[[5.6,7.1,10.04,6.78,4.58,9.2,26.2,28.96,31.6,25.76,10.42,7.29],[3.28,4.6,9.65,5.04,4.22,7.58,22.43,26.94,26.2,24.23,9.38,5.99],[2.11,3.42,8.9,5.1,2.82,6.13,17.71,20.73,26.08,20.51,7.89,5.98],[1.64,2.75,6.66,5.21,2.68,5.3,15.85,17.83,24.42,18.3,9.14,6.52],[2.0,3.58,7.39,5.24,1.86,4.14,14.75,15.4,23.77,16.34,10.04,6.92],[2.55,3.19,7.0,4.56,1.39,4.02,14.17,13.99,22.46,16.39,10.43,7.85],[2.47,2.82,7.62,5.79,1.94,3.65,12.73,13.25,22.01,17.86,12.03,10.5],[6.91,6.21,9.49,6.23,3.63,5.71,13.81,14.89,21.83,18.99,16.36,15.25],[7.76,11.39,13.32,7.08,4.12,6.74,17.37,21.81,27.74,18.18,15.59,11.0],[6.89,11.28,14.56,7.11,4.45,5.3,23.59,26.06,26.66,17.81,9.55,8.53],[5.88,6.01,8.86,5.92,3.26,4.31,22.99,19.18,17.27,12.29,7.13,6.31],[3.96,0.99,5.34,5.03,3.38,3.32,8.61,8.8,11.54,10.75,8.78,7.43],[2.51,1.53,4.05,4.93,4.09,3.75,4.97,5.66,10.25,12.43,7.1,5.12],[2.06,1.34,2.43,5.57,4.98,4.78,3.44,5.76,9.5,11.78,4.77,4.3],[3.01,2.37,1.43,5.56,5.48,5.52,4.16,5.37,9.71,13.31,7.38,5.48],[2.91,2.12,5.53,5.9,5.65,5.89,3.49,4.24,10.98,9.48,6.26,6.29],[3.22,3.22,5.22,6.29,5.53,5.63,5.59,4.9,13.21,11.69,9.08,9.55],[3.66,6.02,7.95,6.6,5.59,5.19,7.7,7.93,17.8,16.91,10.72,10.75],[3.46,7.63,9.65,7.34,5.58,5.77,18.09,11.93,17.76,19.78,17.34,13.24],[6.18,13.09,16.93,7.92,5.58,6.78,28.77,25.82,25.46,26.7,25.01,18.25],[12.82,19.19,19.3,7.36,5.25,6.81,36.23,36.08,33.94,29.68,23.57,17.15],[11.21,16.67,17.23,6.91,5.28,7.49,35.3,35.33,36.23,26.89,19.77,14.27],[8.28,11.21,12.92,6.83,4.93,7.74,32.39,33.28,33.98,28.06,17.72,11.86],[6.85,11.16,12.14,5.43,4.85,8.96,31.94,33.01,31.19,26.64,14.11,9.91]]},"rain_effect":{"labels":["0mm (seco)","1–5mm (leve)","5–20mm (mod.)","≥20mm (forte)"],"pm25":[12.79,8.88,7.85,8.16]},"correlation":{"labels":["PM25","NO2","CO","O3","RAIN"],"matrix":[[1.0,0.466,0.339,-0.027,-0.022],[0.466,1.0,0.256,-0.113,-0.01],[0.339,0.256,1.0,-0.1,-0.024],[-0.027,-0.113,-0.1,1.0,0.042],[-0.022,-0.01,-0.024,0.042,1.0]]},"pct_above_oms_15":[7.07,13.53,20.15,4.73,0.54,5.36,45.58,49.26,56.93,52.28,28.85,18.05]},"model":{"model_name":"XGBoost","mae":2.626,"r2":0.83,"n_train":6624,"n_test":1656,"features":["hour_sin","hour_cos","month_sin","month_cos","is_dry","pm25_lag1","pm25_lag3","pm25_roll3","rain_acc6","no2","co"],"feature_importance":[0.03109331615269184,0.03520441800355911,0.019748631864786148,0.02463872916996479,0.03182459995150566,0.04576295241713524,0.04138445854187012,0.7020998001098633,0.015049329027533531,0.034196849912405014,0.018996847793459892],"sample_real":[13.3,1.28,37.23,0.0,1.22,14.06,2.73,13.54,0.0,4.5,16.55,28.91,22.87,3.73,2.05,7.16,4.57,6.74,11.88,7.15,35.33,6.85,20.99,19.11,6.43,4.75,1.07,31.01,12.21,5.42,2.48,20.94,3.49,5.83,18.22,3.99,0.0,6.64,16.6,14.21,3.09,5.06,23.14,29.39,7.03,9.29,56.15,4.19,3.49,6.63,10.78,11.06,0.0,3.66,0.0,10.22,14.71,27.77,5.39,0.0,45.65,0.0,5.7,1.71,4.92,16.57,3.24,19.38,4.33,7.88,17.14,15.64,5.01,4.28,5.4,0.0,4.53,23.15,0.5,0.0,4.3,4.95,9.54,4.14,23.31,14.37,28.6,1.22,7.75,3.93,4.94,1.05,0.94,2.6,24.74,0.54,17.03,8.1,14.61,14.01,6.09,21.86,0.0,4.8,10.72,2.97,40.23,2.34,33.86,4.73,0.0,20.62,4.39,9.35,33.61,5.04,9.31,3.0,7.2,0.31],"sample_predicted":[13.289999961853027,1.2699999809265137,30.84000015258789,0.23999999463558197,1.9600000381469727,14.390000343322754,3.2899999618530273,15.289999961853027,3.490000009536743,5.429999828338623,18.790000915527344,29.700000762939453,29.84000015258789,3.0,1.059999942779541,3.0,3.880000114440918,5.880000114440918,11.920000076293945,7.619999885559082,31.559999465942383,5.539999961853027,16.149999618530273,22.75,9.359999656677246,4.230000019073486,2.200000047683716,32.790000915527344,15.039999961853027,5.099999904632568,15.960000038146973,13.640000343322754,10.260000228881836,9.199999809265137,12.489999771118164,5.0,0.23000000417232513,7.179999828338623,16.75,15.630000114440918,8.109999656677246,5.28000020980835,21.520000457763672,20.799999237060547,5.400000095367432,8.920000076293945,57.7400016784668,1.6299999952316284,4.650000095367432,6.539999961853027,17.0,7.96999979019165,1.1100000143051147,3.2899999618530273,2.069999933242798,9.819999694824219,16.239999771118164,36.959999084472656,4.599999904632568,3.1600000858306885,29.450000762939453,2.0299999713897705,6.019999980926514,3.9200000762939453,4.150000095367432,15.479999542236328,3.0299999713897705,18.139999389648438,3.740000009536743,8.8100004196167,12.510000228881836,15.430000305175781,4.739999771118164,4.389999866485596,5.199999809265137,0.10000000149011612,6.949999809265137,27.809999465942383,0.550000011920929,0.3499999940395355,6.980000019073486,3.809999942779541,19.260000228881836,3.5999999046325684,19.149999618530273,16.350000381469727,28.420000076293945,1.440000057220459,17.709999084472656,4.570000171661377,5.5,1.3799999952316284,1.4299999475479126,3.009999990463257,22.219999313354492,0.8199999928474426,17.68000030517578,5.619999885559082,15.34000015258789,7.789999961853027,14.699999809265137,20.979999542236328,1.840000033378601,3.9200000762939453,9.170000076293945,2.950000047683716,38.08000183105469,3.1500000953674316,29.989999771118164,6.150000095367432,2.369999885559082,12.470000267028809,15.09000015258789,11.430000305175781,26.1299991607666,4.309999942779541,9.819999694824219,3.259999990463257,4.630000114440918,2.359999895095825],"mlflow_run_id":"d0882a917f67412ea0d766ac4401501b","model_path":"/tmp/grupo_qual_iar/data/gold/xgb_model.pkl"}}